{"cameraMode":{"drawMode":0,"name":"Shaded","section":"Shading Mode"},"sceneLighting":false,"audioPlay":false,"sceneViewState":{"showFog":true,"showMaterialUpdate":false,"showSkybox":false,"showFlares":true,"showImageEffects":true,"showParticleSystems":true},"in2DMode":false,"pivot":{"x":-9.619999885559082,"y":3.109999656677246,"z":0.0003387928009033203},"rotation":{"x":0.20344863831996919,"y":0.013217119500041008,"z":-0.002746713114902377,"w":0.9789928197860718},"size":2.598076105117798,"orthographic":true}